"","V1","V2","V3","V4","V5","V6","V7","Run","Age","Assay.Type","AvgSpotLen","Bases","Biomaterial_provider","BioProject","BioSample","BioSampleModel","Bytes","Center.Name","Consent","DATASTORE.filetype","DATASTORE.provider","DATASTORE.region","Experiment","Instrument","isolate","Library.Name","LibraryLayout","LibrarySelection","LibrarySource","MBases","MBytes","Organism","Platform","ReleaseDate","sample_acc","Sample.Name","sex","SRA.Study","tissue"
"30","2019032901_N_20190709N_CCTCCTGA_S76_L003_R1_001.fastq.gz","2019032901_N_20190709N_CCTCCTGA_S76_L003_R2_001.fastq.gz","2019032901_N_","Sample_A0","A0",44,"male","SRR10150689",44,"WXS",302,5245229016,"Tongshu Biotech Co.Ltd","PRJNA568852","SAMN12792886","Human",1657327947,"TONGSHU BIOTECH CO.LTD","public","fastq,sra","gs,ncbi,s3","ncbi.public,gs.US,s3.us-east-1","SRX6876087","Illumina NovaSeq 6000","A0","Sample_A0","PAIRED","Hybrid Selection","GENOMIC",5245,1580,"Homo sapiens","ILLUMINA","2019-09-20T00:00:00Z","SRS5411921","Sample_A0","male","SRP222713","paraffin embedded tissues"
"29","2019032901_T1_20190709N_CCAGTTCA_S73_L003_R1_001.fastq.gz","2019032901_T1_20190709N_CCAGTTCA_S73_L003_R2_001.fastq.gz","2019032901_T1","Sample_A1","A1",44,"male","SRR10150688",44,"WXS",302,9097454040,"Tongshu Biotech Co.Ltd","PRJNA568852","SAMN12792887","Human",2835661970,"TONGSHU BIOTECH CO.LTD","public","fastq,sra","gs,s3,ncbi","ncbi.public,gs.US,s3.us-east-1","SRX6876088","Illumina NovaSeq 6000","A1","Sample_A1","PAIRED","Hybrid Selection","GENOMIC",9097,2704,"Homo sapiens","ILLUMINA","2019-09-20T00:00:00Z","SRS5411922","Sample_A1","male","SRP222713","paraffin embedded tissues"
"19","2019032901_T2_20190709N_CCGAAGTA_S74_L003_R1_001.fastq.gz","2019032901_T2_20190709N_CCGAAGTA_S74_L003_R2_001.fastq.gz","2019032901_T2","Sample_A2","A2",44,"male","SRR10150677",44,"WXS",302,4791194968,"Tongshu Biotech Co.Ltd","PRJNA568852","SAMN12792888","Human",1500863368,"TONGSHU BIOTECH CO.LTD","public","fastq,sra","gs,ncbi,s3","ncbi.public,gs.US,s3.us-east-1","SRX6876099","Illumina NovaSeq 6000","A2","Sample_A2","PAIRED","Hybrid Selection","GENOMIC",4791,1431,"Homo sapiens","ILLUMINA","2019-09-20T00:00:00Z","SRS5411933","Sample_A2","male","SRP222713","paraffin embedded tissues"
"8","2019032901_T3_20190709N_CCGTGAGA_S75_L003_R1_001.fastq.gz","2019032901_T3_20190709N_CCGTGAGA_S75_L003_R2_001.fastq.gz","2019032901_T3","Sample_A3","A3",44,"male","SRR10150666",44,"WXS",302,8182975692,"Tongshu Biotech Co.Ltd","PRJNA568852","SAMN12792889","Human",2575128343,"TONGSHU BIOTECH CO.LTD","public","sra,fastq","gs,ncbi,s3","ncbi.public,gs.US,s3.us-east-1","SRX6876110","Illumina NovaSeq 6000","A3","Sample_A3","PAIRED","Hybrid Selection","GENOMIC",8182,2455,"Homo sapiens","ILLUMINA","2019-09-20T00:00:00Z","SRS5411944","Sample_A3","male","SRP222713","paraffin embedded tissues"
"4","2019032903_N_20190709N_CTGAGCCA_S81_L003_R1_001.fastq.gz","2019032903_N_20190709N_CTGAGCCA_S81_L003_R2_001.fastq.gz","2019032903_N_","Sample_B0","B0",64,"female","SRR10150662",64,"WXS",302,3212850254,"Tongshu Biotech Co.Ltd","PRJNA568852","SAMN12792890","Human",1010797722,"TONGSHU BIOTECH CO.LTD","public","fastq,sra","gs,ncbi,s3","ncbi.public,gs.US,s3.us-east-1","SRX6876114","Illumina NovaSeq 6000","B0","Sample_B0","PAIRED","Hybrid Selection","GENOMIC",3212,963,"Homo sapiens","ILLUMINA","2019-09-20T00:00:00Z","SRS5411949","Sample_B0","female","SRP222713","paraffin embedded tissues"
"3","2019032903_T1_20190709N_CGAACTTA_S77_L003_R1_001.fastq.gz","2019032903_T1_20190709N_CGAACTTA_S77_L003_R2_001.fastq.gz","2019032903_T1","Sample_B1","B1",64,"female","SRR10150661",64,"WXS",302,7670414044,"Tongshu Biotech Co.Ltd","PRJNA568852","SAMN12792891","Human",2393874329,"TONGSHU BIOTECH CO.LTD","public","fastq,sra","s3,gs,ncbi","ncbi.public,gs.US,s3.us-east-1","SRX6876115","Illumina NovaSeq 6000","B1","Sample_B1","PAIRED","Hybrid Selection","GENOMIC",7670,2282,"Homo sapiens","ILLUMINA","2019-09-20T00:00:00Z","SRS5411948","Sample_B1","female","SRP222713","paraffin embedded tissues"
"31","2019032903_T2_20190709N_CGACTGGA_S78_L003_R1_001.fastq.gz","2019032903_T2_20190709N_CGACTGGA_S78_L003_R2_001.fastq.gz","2019032903_T2","Sample_B2","B2",64,"female","SRR10150660",64,"WXS",302,2674877420,"Tongshu Biotech Co.Ltd","PRJNA568852","SAMN12792892","Human",871752229,"TONGSHU BIOTECH CO.LTD","public","fastq,sra","gs,ncbi,s3","gs.US,ncbi.public,s3.us-east-1","SRX6876116","Illumina NovaSeq 6000","B2","Sample_B2","PAIRED","Hybrid Selection","GENOMIC",2674,831,"Homo sapiens","ILLUMINA","2019-09-20T00:00:00Z","SRS5411950","Sample_B2","female","SRP222713","paraffin embedded tissues"
"2","2019032903_T3_20190709N_CGCATACA_S79_L003_R1_001.fastq.gz","2019032903_T3_20190709N_CGCATACA_S79_L003_R2_001.fastq.gz","2019032903_T3","Sample_B3","B3",64,"female","SRR10150659",64,"WXS",302,4039667062,"Tongshu Biotech Co.Ltd","PRJNA568852","SAMN12792893","Human",1283462434,"TONGSHU BIOTECH CO.LTD","public","fastq,sra","gs,s3,ncbi","ncbi.public,s3.us-east-1,gs.US","SRX6876117","Illumina NovaSeq 6000","B3","Sample_B3","PAIRED","Hybrid Selection","GENOMIC",4039,1224,"Homo sapiens","ILLUMINA","2019-09-20T00:00:00Z","SRS5411951","Sample_B3","female","SRP222713","paraffin embedded tissues"
"32","2019032903_T4_20190709N_CTCAATGA_S80_L003_R1_001.fastq.gz","2019032903_T4_20190709N_CTCAATGA_S80_L003_R2_001.fastq.gz","2019032903_T4","Sample_B4","B4",64,"female","SRR10150658",64,"WXS",302,6180933434,"Tongshu Biotech Co.Ltd","PRJNA568852","SAMN12792894","Human",1937114309,"TONGSHU BIOTECH CO.LTD","public","fastq,sra","gs,ncbi,s3","gs.US,ncbi.public,s3.us-east-1","SRX6876118","Illumina NovaSeq 6000","B4","Sample_B4","PAIRED","Hybrid Selection","GENOMIC",6180,1847,"Homo sapiens","ILLUMINA","2019-09-20T00:00:00Z","SRS5411952","Sample_B4","female","SRP222713","paraffin embedded tissues"
"1","2019040901_N_20190709N_GAGCTGAA_S85_L003_R1_001.fastq.gz","2019040901_N_20190709N_GAGCTGAA_S85_L003_R2_001.fastq.gz","2019040901_N_","Sample_C0","C0",64,"female","SRR10150657",64,"WXS",302,3837626042,"Tongshu Biotech Co.Ltd","PRJNA568852","SAMN12792895","Human",1212318675,"TONGSHU BIOTECH CO.LTD","public","fastq,sra","gs,ncbi,s3","gs.US,s3.us-east-1,ncbi.public","SRX6876119","Illumina NovaSeq 6000","C0","Sample_C0","PAIRED","Hybrid Selection","GENOMIC",3837,1156,"Homo sapiens","ILLUMINA","2019-09-20T00:00:00Z","SRS5411953","Sample_C0","female","SRP222713","paraffin embedded tissues"
"28","2019040901_T1_20190709N_CTGGCATA_S82_L003_R1_001.fastq.gz","2019040901_T1_20190709N_CTGGCATA_S82_L003_R2_001.fastq.gz","2019040901_T1","Sample_C1","C1",64,"female","SRR10150687",64,"WXS",302,4810898656,"Tongshu Biotech Co.Ltd","PRJNA568852","SAMN12792896","Human",1535391913,"TONGSHU BIOTECH CO.LTD","public","fastq,sra","s3,gs,ncbi","ncbi.public,gs.US,s3.us-east-1","SRX6876089","Illumina NovaSeq 6000","C1","Sample_C1","PAIRED","Hybrid Selection","GENOMIC",4810,1464,"Homo sapiens","ILLUMINA","2019-09-20T00:00:00Z","SRS5411923","Sample_C1","female","SRP222713","paraffin embedded tissues"
"27","2019040901_T2_20190709N_GAATCTGA_S83_L003_R1_001.fastq.gz","2019040901_T2_20190709N_GAATCTGA_S83_L003_R2_001.fastq.gz","2019040901_T2","Sample_C2","C2",64,"female","SRR10150686",64,"WXS",302,5744201872,"Tongshu Biotech Co.Ltd","PRJNA568852","SAMN12792897","Human",1798120943,"TONGSHU BIOTECH CO.LTD","public","fastq,sra","s3,gs,ncbi","ncbi.public,gs.US,s3.us-east-1","SRX6876090","Illumina NovaSeq 6000","C2","Sample_C2","PAIRED","Hybrid Selection","GENOMIC",5744,1714,"Homo sapiens","ILLUMINA","2019-09-20T00:00:00Z","SRS5411924","Sample_C2","female","SRP222713","paraffin embedded tissues"
"26","2019040901_T3_20190709N_CAAGACTA_S84_L003_R1_001.fastq.gz","2019040901_T3_20190709N_CAAGACTA_S84_L003_R2_001.fastq.gz","2019040901_T3","Sample_C3","C3",64,"female","SRR10150685",64,"WXS",302,6536105668,"Tongshu Biotech Co.Ltd","PRJNA568852","SAMN12792898","Human",2055643965,"TONGSHU BIOTECH CO.LTD","public","fastq,sra","gs,ncbi,s3","ncbi.public,gs.US,s3.us-east-1","SRX6876091","Illumina NovaSeq 6000","C3","Sample_C3","PAIRED","Hybrid Selection","GENOMIC",6536,1960,"Homo sapiens","ILLUMINA","2019-09-20T00:00:00Z","SRS5411925","Sample_C3","female","SRP222713","paraffin embedded tissues"
"25","2019051703_N_20190709N_GCTCGGTA_S90_L003_R1_001.fastq.gz","2019051703_N_20190709N_GCTCGGTA_S90_L003_R2_001.fastq.gz","2019051703_N_","Sample_D0","D0",65,"female","SRR10150684",65,"WXS",302,4118049048,"Tongshu Biotech Co.Ltd","PRJNA568852","SAMN12792899","Human",1297239909,"TONGSHU BIOTECH CO.LTD","public","sra,fastq","s3,gs,ncbi","ncbi.public,gs.US,s3.us-east-1","SRX6876092","Illumina NovaSeq 6000","D0","Sample_D0","PAIRED","Hybrid Selection","GENOMIC",4118,1237,"Homo sapiens","ILLUMINA","2019-09-20T00:00:00Z","SRS5411926","Sample_D0","female","SRP222713","paraffin embedded tissues"
"24","2019051703_T1_20190709N_GATAGACA_S86_L003_R1_001.fastq.gz","2019051703_T1_20190709N_GATAGACA_S86_L003_R2_001.fastq.gz","2019051703_T1","Sample_D1","D1",65,"female","SRR10150683",65,"WXS",302,4732144908,"Tongshu Biotech Co.Ltd","PRJNA568852","SAMN12792900","Human",1489527313,"TONGSHU BIOTECH CO.LTD","public","sra,fastq","gs,ncbi,s3","ncbi.public,gs.US,s3.us-east-1","SRX6876093","Illumina NovaSeq 6000","D1","Sample_D1","PAIRED","Hybrid Selection","GENOMIC",4732,1420,"Homo sapiens","ILLUMINA","2019-09-20T00:00:00Z","SRS5411927","Sample_D1","female","SRP222713","paraffin embedded tissues"
"33","2019051703_T2_20190709N_GCCACATA_S87_L003_R1_001.fastq.gz","2019051703_T2_20190709N_GCCACATA_S87_L003_R2_001.fastq.gz","2019051703_T2","Sample_D2","D2",65,"female","SRR10150682",65,"WXS",302,8521740568,"Tongshu Biotech Co.Ltd","PRJNA568852","SAMN12792901","Human",2678996247,"TONGSHU BIOTECH CO.LTD","public","fastq,sra","gs,ncbi,s3","gs.US,ncbi.public,s3.us-east-1","SRX6876094","Illumina NovaSeq 6000","D2","Sample_D2","PAIRED","Hybrid Selection","GENOMIC",8521,2554,"Homo sapiens","ILLUMINA","2019-09-20T00:00:00Z","SRS5411928","Sample_D2","female","SRP222713","paraffin embedded tissues"
"23","2019051703_T3_20190709N_GCGAGTAA_S88_L003_R1_001.fastq.gz","2019051703_T3_20190709N_GCGAGTAA_S88_L003_R2_001.fastq.gz","2019051703_T3","Sample_D3","D3",65,"female","SRR10150681",65,"WXS",302,5597998840,"Tongshu Biotech Co.Ltd","PRJNA568852","SAMN12792902","Human",1749363644,"TONGSHU BIOTECH CO.LTD","public","fastq,sra","gs,s3,ncbi","ncbi.public,gs.US,s3.us-east-1","SRX6876095","Illumina NovaSeq 6000","D3","Sample_D3","PAIRED","Hybrid Selection","GENOMIC",5597,1668,"Homo sapiens","ILLUMINA","2019-09-20T00:00:00Z","SRS5411929","Sample_D3","female","SRP222713","paraffin embedded tissues"
"22","2019051703_T4_20190709N_GCTAACGA_S89_L003_R1_001.fastq.gz","2019051703_T4_20190709N_GCTAACGA_S89_L003_R2_001.fastq.gz","2019051703_T4","Sample_D4","D4",65,"female","SRR10150680",65,"WXS",302,4869830936,"Tongshu Biotech Co.Ltd","PRJNA568852","SAMN12792903","Human",1522277648,"TONGSHU BIOTECH CO.LTD","public","fastq,sra","gs,ncbi,s3","ncbi.public,gs.US,s3.us-east-1","SRX6876096","Illumina NovaSeq 6000","D4","Sample_D4","PAIRED","Hybrid Selection","GENOMIC",4869,1451,"Homo sapiens","ILLUMINA","2019-09-20T00:00:00Z","SRS5411930","Sample_D4","female","SRP222713","paraffin embedded tissues"
"21","2019052301_N_20190709N_GTCTGTCA_S95_L003_R1_001.fastq.gz","2019052301_N_20190709N_GTCTGTCA_S95_L003_R2_001.fastq.gz","2019052301_N_","Sample_E0","E0",64,"male","SRR10150679",64,"WXS",302,8411329066,"Tongshu Biotech Co.Ltd","PRJNA568852","SAMN12792904","Human",2643923853,"TONGSHU BIOTECH CO.LTD","public","fastq,sra","gs,ncbi,s3","ncbi.public,gs.US,s3.us-east-1","SRX6876097","Illumina NovaSeq 6000","E0","Sample_E0","PAIRED","Hybrid Selection","GENOMIC",8411,2521,"Homo sapiens","ILLUMINA","2019-09-20T00:00:00Z","SRS5411931","Sample_E0","male","SRP222713","paraffin embedded tissues"
"20","2019052301_T1_20190709N_GGAGAACA_S91_L003_R1_001.fastq.gz","2019052301_T1_20190709N_GGAGAACA_S91_L003_R2_001.fastq.gz","2019052301_T1","Sample_E1","E1",64,"male","SRR10150678",64,"WXS",302,3676427804,"Tongshu Biotech Co.Ltd","PRJNA568852","SAMN12792905","Human",1152048148,"TONGSHU BIOTECH CO.LTD","public","fastq,sra","gs,s3,ncbi","ncbi.public,gs.US,s3.us-east-1","SRX6876098","Illumina NovaSeq 6000","E1","Sample_E1","PAIRED","Hybrid Selection","GENOMIC",3676,1098,"Homo sapiens","ILLUMINA","2019-09-20T00:00:00Z","SRS5411932","Sample_E1","male","SRP222713","paraffin embedded tissues"
"18","2019052301_T2_20190709N_GGTGCGAA_S92_L003_R1_001.fastq.gz","2019052301_T2_20190709N_GGTGCGAA_S92_L003_R2_001.fastq.gz","2019052301_T2","Sample_E2","E2",64,"male","SRR10150676",64,"WXS",302,6471829498,"Tongshu Biotech Co.Ltd","PRJNA568852","SAMN12792906","Human",2043503551,"TONGSHU BIOTECH CO.LTD","public","fastq,sra","gs,ncbi,s3","gs.US,s3.us-east-1,ncbi.public","SRX6876100","Illumina NovaSeq 6000","E2","Sample_E2","PAIRED","Hybrid Selection","GENOMIC",6471,1948,"Homo sapiens","ILLUMINA","2019-09-20T00:00:00Z","SRS5411934","Sample_E2","male","SRP222713","paraffin embedded tissues"
"17","2019052301_T3_20190709N_GTACGCAA_S93_L003_R1_001.fastq.gz","2019052301_T3_20190709N_GTACGCAA_S93_L003_R2_001.fastq.gz","2019052301_T3","Sample_E3","E3",64,"male","SRR10150675",64,"WXS",302,2546633724,"Tongshu Biotech Co.Ltd","PRJNA568852","SAMN12792907","Human",800476712,"TONGSHU BIOTECH CO.LTD","public","fastq,sra","gs,ncbi,s3","ncbi.public,gs.US,s3.us-east-1","SRX6876101","Illumina NovaSeq 6000","E3","Sample_E3","PAIRED","Hybrid Selection","GENOMIC",2546,763,"Homo sapiens","ILLUMINA","2019-09-20T00:00:00Z","SRS5411935","Sample_E3","male","SRP222713","paraffin embedded tissues"
"16","2019052301_T4_20190709N_GTCGTAGA_S94_L003_R1_001.fastq.gz","2019052301_T4_20190709N_GTCGTAGA_S94_L003_R2_001.fastq.gz","2019052301_T4","Sample_E4","E4",64,"male","SRR10150674",64,"WXS",302,4897036002,"Tongshu Biotech Co.Ltd","PRJNA568852","SAMN12792908","Human",1549489244,"TONGSHU BIOTECH CO.LTD","public","sra,fastq","gs,ncbi,s3","ncbi.public,gs.US,s3.us-east-1","SRX6876102","Illumina NovaSeq 6000","E4","Sample_E4","PAIRED","Hybrid Selection","GENOMIC",4897,1477,"Homo sapiens","ILLUMINA","2019-09-20T00:00:00Z","SRS5411936","Sample_E4","male","SRP222713","paraffin embedded tissues"
"15","2019053101_N_20190709N_TCTTCACA_S100_L003_R1_001.fastq.gz","2019053101_N_20190709N_TCTTCACA_S100_L003_R2_001.fastq.gz","2019053101_N_","Sample_F0","F0",64,"female","SRR10150673",64,"WXS",302,3441672634,"Tongshu Biotech Co.Ltd","PRJNA568852","SAMN12792909","Human",1088741550,"TONGSHU BIOTECH CO.LTD","public","fastq,sra","gs,s3,ncbi","ncbi.public,s3.us-east-1,gs.US","SRX6876103","Illumina NovaSeq 6000","F0","Sample_F0","PAIRED","Hybrid Selection","GENOMIC",3441,1038,"Homo sapiens","ILLUMINA","2019-09-20T00:00:00Z","SRS5411937","Sample_F0","female","SRP222713","paraffin embedded tissues"
"14","2019053101_T1_20190709N_GTGTTCTA_S96_L003_R1_001.fastq.gz","2019053101_T1_20190709N_GTGTTCTA_S96_L003_R2_001.fastq.gz","2019053101_T1","Sample_F1","F1",64,"female","SRR10150672",64,"WXS",302,4455517438,"Tongshu Biotech Co.Ltd","PRJNA568852","SAMN12792910","Human",1396486412,"TONGSHU BIOTECH CO.LTD","public","fastq,sra","gs,ncbi,s3","gs.US,s3.us-east-1,ncbi.public","SRX6876104","Illumina NovaSeq 6000","F1","Sample_F1","PAIRED","Hybrid Selection","GENOMIC",4455,1331,"Homo sapiens","ILLUMINA","2019-09-20T00:00:00Z","SRS5411938","Sample_F1","female","SRP222713","paraffin embedded tissues"
"13","2019053101_T2_20190709N_TAGGATGA_S97_L003_R1_001.fastq.gz","2019053101_T2_20190709N_TAGGATGA_S97_L003_R2_001.fastq.gz","2019053101_T2","Sample_F2","F2",64,"female","SRR10150671",64,"WXS",302,2787488690,"Tongshu Biotech Co.Ltd","PRJNA568852","SAMN12792911","Human",874115539,"TONGSHU BIOTECH CO.LTD","public","fastq,sra","s3,gs,ncbi","ncbi.public,gs.US,s3.us-east-1","SRX6876105","Illumina NovaSeq 6000","F2","Sample_F2","PAIRED","Hybrid Selection","GENOMIC",2787,833,"Homo sapiens","ILLUMINA","2019-09-20T00:00:00Z","SRS5411939","Sample_F2","female","SRP222713","paraffin embedded tissues"
"12","2019053101_T3_20190709N_TATCAGCA_S98_L003_R1_001.fastq.gz","2019053101_T3_20190709N_TATCAGCA_S98_L003_R2_001.fastq.gz","2019053101_T3","Sample_F3","F3",64,"female","SRR10150670",64,"WXS",302,4964203822,"Tongshu Biotech Co.Ltd","PRJNA568852","SAMN12792912","Human",1569233417,"TONGSHU BIOTECH CO.LTD","public","fastq,sra","gs,ncbi,s3","ncbi.public,gs.US,s3.us-east-1","SRX6876106","Illumina NovaSeq 6000","F3","Sample_F3","PAIRED","Hybrid Selection","GENOMIC",4964,1496,"Homo sapiens","ILLUMINA","2019-09-20T00:00:00Z","SRS5411940","Sample_F3","female","SRP222713","paraffin embedded tissues"
"11","2019053101_T4_20190709N_TCCGTCTA_S99_L003_R1_001.fastq.gz","2019053101_T4_20190709N_TCCGTCTA_S99_L003_R2_001.fastq.gz","2019053101_T4","Sample_F4","F4",64,"female","SRR10150669",64,"WXS",302,5611153054,"Tongshu Biotech Co.Ltd","PRJNA568852","SAMN12792913","Human",1757027319,"TONGSHU BIOTECH CO.LTD","public","sra,fastq","gs,ncbi,s3","ncbi.public,gs.US,s3.us-east-1","SRX6876107","Illumina NovaSeq 6000","F4","Sample_F4","PAIRED","Hybrid Selection","GENOMIC",5611,1675,"Homo sapiens","ILLUMINA","2019-09-20T00:00:00Z","SRS5411942","Sample_F4","female","SRP222713","paraffin embedded tissues"
"10","2019053102_N_20190709N_TTCACGCA_S105_L003_R1_001.fastq.gz","2019053102_N_20190709N_TTCACGCA_S105_L003_R2_001.fastq.gz","2019053102_N_","Sample_G0","G0",63,"male","SRR10150668",63,"WXS",302,7903243360,"Tongshu Biotech Co.Ltd","PRJNA568852","SAMN12792914","Human",2476926634,"TONGSHU BIOTECH CO.LTD","public","fastq,sra","gs,s3,ncbi","ncbi.public,gs.US,s3.us-east-1","SRX6876108","Illumina NovaSeq 6000","G0","Sample_G0","PAIRED","Hybrid Selection","GENOMIC",7903,2362,"Homo sapiens","ILLUMINA","2019-09-20T00:00:00Z","SRS5411941","Sample_G0","male","SRP222713","paraffin embedded tissues"
"9","2019053102_T1_20190709N_TGAAGAGA_S101_L003_R1_001.fastq.gz","2019053102_T1_20190709N_TGAAGAGA_S101_L003_R2_001.fastq.gz","2019053102_T1","Sample_G1","G1",63,"male","SRR10150667",63,"WXS",302,6956581778,"Tongshu Biotech Co.Ltd","PRJNA568852","SAMN12792915","Human",2194305699,"TONGSHU BIOTECH CO.LTD","public","fastq,sra","gs,s3,ncbi","ncbi.public,gs.US,s3.us-east-1","SRX6876109","Illumina NovaSeq 6000","G1","Sample_G1","PAIRED","Hybrid Selection","GENOMIC",6956,2092,"Homo sapiens","ILLUMINA","2019-09-20T00:00:00Z","SRS5411943","Sample_G1","male","SRP222713","paraffin embedded tissues"
"7","2019053102_T2_20190709N_TGGAACAA_S102_L003_R1_001.fastq.gz","2019053102_T2_20190709N_TGGAACAA_S102_L003_R2_001.fastq.gz","2019053102_T2","Sample_G2","G2",63,"male","SRR10150665",63,"WXS",302,7132332490,"Tongshu Biotech Co.Ltd","PRJNA568852","SAMN12792916","Human",2238052101,"TONGSHU BIOTECH CO.LTD","public","sra,fastq","gs,s3,ncbi","ncbi.public,gs.US,s3.us-east-1","SRX6876111","Illumina NovaSeq 6000","G2","Sample_G2","PAIRED","Hybrid Selection","GENOMIC",7132,2134,"Homo sapiens","ILLUMINA","2019-09-20T00:00:00Z","SRS5411945","Sample_G2","male","SRP222713","paraffin embedded tissues"
"6","2019053102_T3_20190709N_TGGCTTCA_S103_L003_R1_001.fastq.gz","2019053102_T3_20190709N_TGGCTTCA_S103_L003_R2_001.fastq.gz","2019053102_T3","Sample_G3","G3",63,"male","SRR10150664",63,"WXS",302,3238937014,"Tongshu Biotech Co.Ltd","PRJNA568852","SAMN12792917","Human",1014515972,"TONGSHU BIOTECH CO.LTD","public","fastq,sra","gs,ncbi,s3","s3.us-east-1,ncbi.public,gs.US","SRX6876112","Illumina NovaSeq 6000","G3","Sample_G3","PAIRED","Hybrid Selection","GENOMIC",3238,967,"Homo sapiens","ILLUMINA","2019-09-20T00:00:00Z","SRS5411946","Sample_G3","male","SRP222713","paraffin embedded tissues"
"5","2019053102_T4_20190709N_TGGTGGTA_S104_L003_R1_001.fastq.gz","2019053102_T4_20190709N_TGGTGGTA_S104_L003_R2_001.fastq.gz","2019053102_T4","Sample_G4","G4",63,"male","SRR10150663",63,"WXS",302,5689756708,"Tongshu Biotech Co.Ltd","PRJNA568852","SAMN12792918","Human",1798362331,"TONGSHU BIOTECH CO.LTD","public","sra,fastq","s3,gs,ncbi","ncbi.public,gs.US,s3.us-east-1","SRX6876113","Illumina NovaSeq 6000","G4","Sample_G4","PAIRED","Hybrid Selection","GENOMIC",5689,1715,"Homo sapiens","ILLUMINA","2019-09-20T00:00:00Z","SRS5411947","Sample_G4","male","SRP222713","paraffin embedded tissues"
